{
    "leq": {
        "historico": {
            "labels": [
                "Enero 2026",
                "Febrero 2026",
                "Marzo 2026"
            ],
            "data": [
                34548,
                34568,
                34601
            ]
        },
        "proyeccion": {
            "labels": [
                "Abril 2026",
                "Mayo 2026",
                "Junio 2026"
            ],
            "escenario1": [
                34701,
                34801,
                34901
            ],
            "escenario2": [
                35401,
                36201,
                37001
            ],
            "escenario3": [
                35901,
                37201,
                38501
            ],
            "escenario4": [
                34627.5,
                34654.0,
                34680.5
            ]
        },
        "actual_marzo": 34601,
        "proy_junio_esc1": 34901,
        "proy_junio_esc2": 37001,
        "proy_junio_esc3": 38501,
        "proy_junio_esc4": 34680.5,
        "tm_marzo": 99.4,
        "tm_esc1": 100.26182480275138,
        "tm_esc2": 106.29459842201094,
        "tm_esc3": 110.60372243576776,
        "tm_esc4": 99.62838357272912
    },
    "cex": {
        "historico": {
            "labels": [
                "Enero 2026",
                "Febrero 2026",
                "Marzo 2026"
            ],
            "data": [
                109819,
                109164,
                110154
            ]
        },
        "proyeccion": {
            "labels": [
                "Abril 2026",
                "Mayo 2026",
                "Junio 2026"
            ],
            "escenario1": [
                112154,
                114154,
                116154
            ],
            "escenario2": [
                116154,
                122154,
                128154
            ],
            "escenario3": [
                116154,
                122154,
                128154
            ],
            "escenario4": [
                110321.5,
                110489.0,
                110656.5
            ]
        },
        "actual_marzo": 110154,
        "proy_junio_esc1": 116154,
        "proy_junio_esc2": 128154,
        "proy_junio_esc3": 128154,
        "proy_junio_esc4": 110656.5,
        "tm_marzo": 76.1,
        "tm_esc1": 80.24510594258946,
        "tm_esc2": 88.53531782776838,
        "tm_esc3": 88.53531782776838,
        "tm_esc4": 76.44715262269186
    },
    "pruebas": {
        "historico": {
            "labels": [
                "Enero 2026",
                "Febrero 2026",
                "Marzo 2026"
            ],
            "data": [
                61251,
                59560,
                57011
            ]
        },
        "proyeccion": {
            "labels": [
                "Abril 2026",
                "Mayo 2026",
                "Junio 2026"
            ],
            "escenario1": [
                56511,
                56011,
                55511
            ],
            "escenario2": [
                59511,
                62011,
                64511
            ],
            "escenario3": [
                61011,
                65011,
                69011
            ],
            "escenario4": [
                54891,
                52771,
                50651
            ]
        },
        "actual_marzo": 57011,
        "proy_junio_esc1": 55511,
        "proy_junio_esc2": 64511,
        "proy_junio_esc3": 69011,
        "proy_junio_esc4": 50651,
        "tm_marzo": 53.1,
        "tm_esc1": 51.702901194506325,
        "tm_esc2": 60.08549402746838,
        "tm_esc3": 64.27679044394942,
        "tm_esc4": 47.17630106470681
    }
}